{
  "Use Non-ASCII Font" : false,
  "Tags" : [

  ],
  "Ansi 12 Color" : {
    "Green Component" : 0.35940101742744446,
    "Blue Component" : 0.61940711736679077,
    "Red Component" : 0.20304183661937714
  },
  "Ansi 7 Color" : {
    "Green Component" : 0.91662180423736572,
    "Blue Component" : 0.91663730144500732,
    "Red Component" : 0.9166492223739624
  },
  "Draw Powerline Glyphs" : false,
  "Bold Color" : {
    "Green Component" : 0.23588234186172485,
    "Blue Component" : 0.23233313858509064,
    "Red Component" : 0.2357795387506485
  },
  "Ansi 8 Color" : {
    "Green Component" : 0.23588234186172485,
    "Blue Component" : 0.23233313858509064,
    "Red Component" : 0.2357795387506485
  },
  "Ansi 9 Color" : {
    "Green Component" : 0,
    "Blue Component" : 0.30102306604385376,
    "Red Component" : 0.79533755779266357
  },
  "Ansi 6 Color" : {
    "Green Component" : 0.53372764587402344,
    "Blue Component" : 0.55467313528060913,
    "Red Component" : 0.19944503903388977
  },
  "Rows" : 25,
  "Default Bookmark" : "No",
  "Ansi 0 Color" : {
    "Green Component" : 0.23588234186172485,
    "Blue Component" : 0.23233313858509064,
    "Red Component" : 0.2357795387506485
  },
  "Cursor Guide Color" : {
    "Red Component" : 0.70213186740875244,
    "Color Space" : "sRGB",
    "Blue Component" : 1,
    "Alpha Component" : 0.25,
    "Green Component" : 0.9268307089805603
  },
  "Non-ASCII Anti Aliased" : true,
  "Use Bright Bold" : true,
  "Ansi 10 Color" : {
    "Green Component" : 0.48629093170166016,
    "Blue Component" : 0.010985376313328743,
    "Red Component" : 0.37138006091117859
  },
  "Use Cursor Guide" : true,
  "Ambiguous Double Width" : false,
  "Jobs to Ignore" : [
    "rlogin",
    "ssh",
    "slogin",
    "telnet"
  ],
  "Ansi 15 Color" : {
    "Green Component" : 0.91662180423736572,
    "Blue Component" : 0.91663730144500732,
    "Red Component" : 0.9166492223739624
  },
  "Foreground Color" : {
    "Green Component" : 0.23588234186172485,
    "Blue Component" : 0.23233313858509064,
    "Red Component" : 0.2357795387506485
  },
  "Working Directory" : "\/Users\/vunguyenhung",
  "Blinking Cursor" : false,
  "Disable Window Resizing" : true,
  "Sync Title" : false,
  "Prompt Before Closing 2" : false,
  "BM Growl" : false,
  "Command" : "",
  "Description" : "Default",
  "Mouse Reporting" : true,
  "Screen" : -1,
  "Selection Color" : {
    "Green Component" : 0.23588234186172485,
    "Blue Component" : 0.23233313858509064,
    "Red Component" : 0.2357795387506485
  },
  "Columns" : 80,
  "Idle Code" : 0,
  "Ansi 13 Color" : {
    "Green Component" : 0.25738272070884705,
    "Blue Component" : 0.59340840578079224,
    "Red Component" : 0.45855110883712769
  },
  "Custom Command" : "No",
  "ASCII Anti Aliased" : true,
  "Non Ascii Font" : "Menlo-Regular 11",
  "Vertical Spacing" : 1,
  "Use Bold Font" : true,
  "Option Key Sends" : 2,
  "Selected Text Color" : {
    "Green Component" : 0.91662180423736572,
    "Blue Component" : 0.91663730144500732,
    "Red Component" : 0.9166492223739624
  },
  "Background Color" : {
    "Green Component" : 0.91662180423736572,
    "Blue Component" : 0.91663730144500732,
    "Red Component" : 0.9166492223739624
  },
  "Character Encoding" : 4,
  "Ansi 11 Color" : {
    "Green Component" : 0.28896823525428772,
    "Blue Component" : 0.021165650337934494,
    "Red Component" : 0.79758453369140625
  },
  "Non-ASCII Ligatures" : true,
  "Use Italic Font" : true,
  "Unlimited Scrollback" : false,
  "Keyboard Map" : {
    "0xf700-0x260000" : {
      "Text" : "[1;6A",
      "Action" : 10
    },
    "0x37-0x40000" : {
      "Text" : "0x1f",
      "Action" : 11
    },
    "0x32-0x40000" : {
      "Text" : "0x00",
      "Action" : 11
    },
    "0x72-0x100000" : {
      "Text" : "",
      "Action" : 13
    },
    "0xf709-0x20000" : {
      "Text" : "[17;2~",
      "Action" : 10
    },
    "0xf70c-0x20000" : {
      "Text" : "[20;2~",
      "Action" : 10
    },
    "0xf729-0x20000" : {
      "Text" : "[1;2H",
      "Action" : 10
    },
    "0xf72b-0x40000" : {
      "Text" : "[1;5F",
      "Action" : 10
    },
    "0xf705-0x20000" : {
      "Text" : "[1;2Q",
      "Action" : 10
    },
    "0xf703-0x260000" : {
      "Text" : "[1;6C",
      "Action" : 10
    },
    "0xf700-0x220000" : {
      "Text" : "[1;2A",
      "Action" : 10
    },
    "0x38-0x40000" : {
      "Text" : "0x7f",
      "Action" : 11
    },
    "0x33-0x40000" : {
      "Text" : "0x1b",
      "Action" : 11
    },
    "0x6b-0x100000" : {
      "Action" : 13,
      "Text" : ""
    },
    "0xf703-0x220000" : {
      "Text" : "[1;2C",
      "Action" : 10
    },
    "0xf701-0x240000" : {
      "Text" : "[1;5B",
      "Action" : 10
    },
    "0xf70d-0x20000" : {
      "Text" : "[21;2~",
      "Action" : 10
    },
    "0xf702-0x260000" : {
      "Text" : "[1;6D",
      "Action" : 10
    },
    "0xf729-0x40000" : {
      "Text" : "[1;5H",
      "Action" : 10
    },
    "0xf706-0x20000" : {
      "Text" : "[1;2R",
      "Action" : 10
    },
    "0x34-0x40000" : {
      "Text" : "0x1c",
      "Action" : 11
    },
    "0x2d-0x40000" : {
      "Text" : "0x1f",
      "Action" : 11
    },
    "0xf70e-0x20000" : {
      "Text" : "[23;2~",
      "Action" : 10
    },
    "0xf702-0x220000" : {
      "Text" : "[1;2D",
      "Action" : 10
    },
    "0xf703-0x280000" : {
      "Action" : 10,
      "Text" : "f"
    },
    "0xf707-0x20000" : {
      "Text" : "[1;2S",
      "Action" : 10
    },
    "0xf700-0x240000" : {
      "Text" : "[1;5A",
      "Action" : 10
    },
    "0xf70a-0x20000" : {
      "Text" : "[18;2~",
      "Action" : 10
    },
    "0x35-0x40000" : {
      "Text" : "0x1d",
      "Action" : 11
    },
    "0xf70f-0x20000" : {
      "Text" : "[24;2~",
      "Action" : 10
    },
    "0xf703-0x240000" : {
      "Text" : "[1;5C",
      "Action" : 10
    },
    "0xf701-0x260000" : {
      "Text" : "[1;6B",
      "Action" : 10
    },
    "0xf702-0x280000" : {
      "Action" : 10,
      "Text" : "b"
    },
    "0xf72b-0x20000" : {
      "Text" : "[1;2F",
      "Action" : 10
    },
    "0x36-0x40000" : {
      "Text" : "0x1e",
      "Action" : 11
    },
    "0xf708-0x20000" : {
      "Text" : "[15;2~",
      "Action" : 10
    },
    "0xf70b-0x20000" : {
      "Text" : "[19;2~",
      "Action" : 10
    },
    "0xf701-0x220000" : {
      "Text" : "[1;2B",
      "Action" : 10
    },
    "0xf702-0x240000" : {
      "Text" : "[1;5D",
      "Action" : 10
    },
    "0xf704-0x20000" : {
      "Text" : "[1;2P",
      "Action" : 10
    }
  },
  "Window Type" : 0,
  "Background Image Location" : "",
  "Blur" : false,
  "Badge Color" : {
    "Red Component" : 1,
    "Color Space" : "sRGB",
    "Blue Component" : 0,
    "Alpha Component" : 0.5,
    "Green Component" : 0.1491314172744751
  },
  "Scrollback Lines" : 1000,
  "Send Code When Idle" : false,
  "Close Sessions On End" : true,
  "Terminal Type" : "xterm-256color",
  "Visual Bell" : true,
  "Flashing Bell" : false,
  "Silence Bell" : true,
  "Ansi 14 Color" : {
    "Green Component" : 0.53372764587402344,
    "Blue Component" : 0.55467313528060913,
    "Red Component" : 0.19944503903388977
  },
  "ASCII Ligatures" : true,
  "Name" : "Default",
  "Cursor Text Color" : {
    "Green Component" : 1,
    "Blue Component" : 1,
    "Red Component" : 1
  },
  "Shortcut" : "",
  "Cursor Color" : {
    "Green Component" : 0,
    "Blue Component" : 0,
    "Red Component" : 0
  },
  "Transparency" : 0,
  "Ansi 1 Color" : {
    "Green Component" : 0,
    "Blue Component" : 0.30102306604385376,
    "Red Component" : 0.79533755779266357
  },
  "Horizontal Spacing" : 1,
  "Ansi 3 Color" : {
    "Green Component" : 0.28896823525428772,
    "Blue Component" : 0.021165650337934494,
    "Red Component" : 0.79758453369140625
  },
  "Ansi 2 Color" : {
    "Green Component" : 0.48629093170166016,
    "Blue Component" : 0.010985376313328743,
    "Red Component" : 0.37138006091117859
  },
  "Right Option Key Sends" : 2,